000,./Sketch/CardType=000.png
010,./Sketch/CardType=010.png
030,./Sketch/CardType=030.png
040,./Sketch/CardType=040.png
100,./Sketch/CardType=100.png
101,./Sketch/CardType=101.png
110,./Sketch/CardType=110.png
111,./Sketch/CardType=111.png
130,./Sketch/CardType=130.png
131,./Sketch/CardType=131.png
140,./Sketch/CardType=140.png
141,./Sketch/CardType=141.png
300,./Sketch/CardType=300.png
301,./Sketch/CardType=301.png
303,./Sketch/CardType=303.png
310,./Sketch/CardType=310.png
311,./Sketch/CardType=311.png
313,./Sketch/CardType=313.png
330,./Sketch/CardType=330.png
331,./Sketch/CardType=331.png
333,./Sketch/CardType=333.png
340,./Sketch/CardType=340.png
341,./Sketch/CardType=341.png
343,./Sketch/CardType=343.png
400,./Sketch/CardType=400.png
401,./Sketch/CardType=401.png
403,./Sketch/CardType=403.png
404,./Sketch/CardType=404.png
410,./Sketch/CardType=410.png
411,./Sketch/CardType=411.png
413,./Sketch/CardType=413.png
414,./Sketch/CardType=414.png
430,./Sketch/CardType=430.png
431,./Sketch/CardType=431.png
433,./Sketch/CardType=433.png
434,./Sketch/CardType=434.png
440,./Sketch/CardType=440.png
441,./Sketch/CardType=441.png
443,./Sketch/CardType=443.png
444,./Sketch/CardType=444.png