000,/game-design/art/sketch/CardType=000.png
010,/game-design/art/sketch/CardType=010.png
030,/game-design/art/sketch/CardType=030.png
040,/game-design/art/sketch/CardType=040.png
100,/game-design/art/sketch/CardType=100.png
101,/game-design/art/sketch/CardType=101.png
110,/game-design/art/sketch/CardType=110.png
111,/game-design/art/sketch/CardType=111.png
130,/game-design/art/sketch/CardType=130.png
131,/game-design/art/sketch/CardType=131.png
140,/game-design/art/sketch/CardType=140.png
141,/game-design/art/sketch/CardType=141.png
300,/game-design/art/sketch/CardType=300.png
301,/game-design/art/sketch/CardType=301.png
303,/game-design/art/sketch/CardType=303.png
310,/game-design/art/sketch/CardType=310.png
311,/game-design/art/sketch/CardType=311.png
313,/game-design/art/sketch/CardType=313.png
330,/game-design/art/sketch/CardType=330.png
331,/game-design/art/sketch/CardType=331.png
333,/game-design/art/sketch/CardType=333.png
340,/game-design/art/sketch/CardType=340.png
341,/game-design/art/sketch/CardType=341.png
343,/game-design/art/sketch/CardType=343.png
400,/game-design/art/sketch/CardType=400.png
401,/game-design/art/sketch/CardType=401.png
403,/game-design/art/sketch/CardType=403.png
404,/game-design/art/sketch/CardType=404.png
410,/game-design/art/sketch/CardType=410.png
411,/game-design/art/sketch/CardType=411.png
413,/game-design/art/sketch/CardType=413.png
414,/game-design/art/sketch/CardType=414.png
430,/game-design/art/sketch/CardType=430.png
431,/game-design/art/sketch/CardType=431.png
433,/game-design/art/sketch/CardType=433.png
434,/game-design/art/sketch/CardType=434.png
440,/game-design/art/sketch/CardType=440.png
441,/game-design/art/sketch/CardType=441.png
443,/game-design/art/sketch/CardType=443.png
444,/game-design/art/sketch/CardType=444.png
